<?xml version="1.0" encoding="UTF-8"?>
<project-private xmlns="http://www.netbeans.org/ns/project-private/1">
    <editor-bookmarks xmlns="http://www.netbeans.org/ns/editor-bookmarks/2" lastBookmarkId="0"/>
    <open-files xmlns="http://www.netbeans.org/ns/projectui-open-files/2">
        <group>
            <file>file:/E:/dim/Java%20Netbeans/PerpustakaanPCR/src/Control/BukuControl.java</file>
            <file>file:/E:/dim/Java%20Netbeans/PerpustakaanPCR/src/Control/UtamaControl.java</file>
            <file>file:/E:/dim/Java%20Netbeans/PerpustakaanPCR/src/perpustakaanpcr/PerpustakaanPCR.java</file>
            <file>file:/E:/dim/Java%20Netbeans/PerpustakaanPCR/src/Model/Mahasiswa.java</file>
            <file>file:/E:/dim/Java%20Netbeans/PerpustakaanPCR/src/Control/PengembalianControl.java</file>
            <file>file:/E:/dim/Java%20Netbeans/PerpustakaanPCR/src/Control/PeminjamanControl.java</file>
            <file>file:/E:/dim/Java%20Netbeans/PerpustakaanPCR/src/Control/MahasiswaControl.java</file>
        </group>
    </open-files>
</project-private>
